mes,idade,profissao,salario_anual,num_contas,num_cartoes,juros_emprestimo,num_emprestimos,dias_atraso,num_pagamentos_atrasados,num_verificacoes_credito,mix_credito,divida_total,taxa_uso_credito,idade_historico_credito,investimento_mensal,comportamento_pagamento,saldo_final_mes,emprestimo_carro,emprestimo_casa,emprestimo_pessoal,emprestimo_credito,emprestimo_estudantil
1,31.0,empresario,19300.34,6.0,7.0,17.0,5.0,52.0,19.0,7.0,Ruim,2430.21,29.934185732751413,218.0,44.50950984607408,baixo_gasto_pagamento_baixo,312.4876885895601,1,1,0,0,0
4,32.0,advogado,12600.445,5.0,5.0,10.0,3.0,25.0,18.0,7.0,Normal,569.8,28.819407058304,12.0,0.0,baixo_gasto_pagamento_medio,300.9941628933122,0,0,0,0,1
2,48.0,empresario,20787.69,8.0,6.0,14.0,7.0,24.0,14.0,3.0,Normal,614.6,34.235852681958825,215.0,0,baixo_gasto_pagamento_alto,345.0815769711927,0,1,0,1,0
2,48.0,empresario,20787.69,8.0,6.0,14.0,7.0,24.0,14.0,3.0,Normal,614.6,34.235852681958825,215.0,0,baixo_gasto_pagamento_alto,345.0815769711927,0,1,0,1,0
2,48.0,empresario,20787.69,8.0,6.0,14.0,7.0,24.0,14.0,3.0,Normal,614.6,34.235852681958825,215.0,0,baixo_gasto_pagamento_alto,345.0815769711927,0,1,0,1,0
1,31.0,empresario,19300.34,6.0,7.0,17.0,5.0,52.0,19.0,7.0,Ruim,2430.21,29.934185732751413,218.0,44.50950984607408,baixo_gasto_pagamento_baixo,312.4876885895601,1,1,0,0,0
1,23.0,cientista,19114.12,3.0,4.0,3.0,4.0,3.0,7.0,4.0,Bom,809.98,26.822619623699016,265.0,21.465380264657146,alto_gasto_pagamento_baixos,312.49408867943663,1,1,1,1,0
8,23.0,cientista,19114.12,3.0,4.0,3.0,4.0,3.0,6.0,4.0,Bom,809.98,23.93379480196552,272.0,21.465380264657146,alto_gasto_pagamento_medio,358.12416760938714,1,1,1,1,0
4,30.0,gerente_midia,34081.38,8.0,7.0,15.0,3.0,34.0,14.0,5.0,Normal,1704.18,29.76215930632113,178.0,29.32636371091455,baixo_gasto_pagamento_baixo,260.0809753987602,1,0,0,0,1